{
    "Diesel Engine": {
        "x1": 0.308790565692602,
        "y1": 0.13343023255813952,
        "x2": 0.701189160214565,
        "y2": 0.33525516795865634
    }
}