{
    "Unknown": {
        "x1": 0.25,
        "y1": 0.05,
        "x2": 0.6,
        "y2": 0.6
    },
    "Diesel Engine": {
        "x1": 0.5583133754263735,
        "y1": 0.14502045650301465,
        "x2": 0.6961273384491783,
        "y2": 0.3225129198966408
    },
    "Boxcar": {
        "x1": 0.0856464742269788,
        "y1": 0.022529429131669585,
        "x2": 0.23978866484678835,
        "y2": 0.6662999643828862
    },
    "Short Boxcar": {
        "x1": 0.07288579806059675,
        "y1": 0.039084733731530166,
        "x2": 0.3664821518505615,
        "y2": 0.6399147875522587
    },
    "Hopper": {
        "x1": 0.0856464742269788,
        "y1": 0.022529429131669585,
        "x2": 0.23978866484678835,
        "y2": 0.6662999643828862
    }
}